BillM	BillM1	Bill	M	5132223434	Bill@m.com	FALSE	FALSE
Luke	Luke2	Luke	Vador	4321231234	Luke@vador.com	FALSE	FALSE
Andrew	Andrew3	Andrew	A3	5132222424	Andrew@a3.com	FALSE	FALSE
Lisa	Lisa4	Lisa	L4	4324321234	Lisa@lisa3.com	FALSE	FALSE
Joe	Joe5	Joe	j5	4443332222	Joe@joe5.com1	FALSE	FALSE
Denise	Denise6	Denise	d6	5554446666	denise@denise.com	FALSE	FALSE
Eric	Eric7	Eric	e7	1112223333	eric@eric.com	FALSE	FALSE
Sean	Sean99	Sean	S8	2223334444	sean@sean.com	TRUE	TRUE
